Model,R2,MAE
Gradient Boosting,0.6034705367598133,0.49367783145873945
Random Forest,0.5998768502842509,0.49498890402648493
Linear Regression,0.5985102564498654,0.5043825326655677
