Model,R2,AdjR2,DeltaR2,F,n
M1 Telework,0.019811767099232935,0.019806104326357543,0.019811767099232935,3498.5982195290007,519284
M2 + WLB,0.4090015165466929,0.4089969640923594,0.38918974944746,89841.98117981724,519284
M3 + EEI,0.5944650560246432,0.5944611512285227,0.18546353947795025,152239.71692122446,519284
M4 + Demographics,0.5965745997611203,0.5965668307186274,0.002109543736477093,76788.69053815736,519284
